{
  "best_global_step": 150,
  "best_metric": 1.6714026927947998,
  "best_model_checkpoint": "./output\\checkpoint-150",
  "epoch": 0.3970880211780278,
  "eval_steps": 150,
  "global_step": 150,
  "is_hyper_param_search": false,
  "is_local_process_zero": true,
  "is_world_process_zero": true,
  "log_history": [
    {
      "epoch": 0.13236267372600927,
      "grad_norm": 0.8033744692802429,
      "learning_rate": 1.948010610079576e-05,
      "loss": 2.0728,
      "step": 50
    },
    {
      "epoch": 0.26472534745201853,
      "grad_norm": 0.322095662355423,
      "learning_rate": 1.8949602122015917e-05,
      "loss": 1.8956,
      "step": 100
    },
    {
      "epoch": 0.3970880211780278,
      "grad_norm": 0.5093368887901306,
      "learning_rate": 1.8419098143236076e-05,
      "loss": 1.7843,
      "step": 150
    },
    {
      "epoch": 0.3970880211780278,
      "eval_loss": 1.6714026927947998,
      "eval_model_preparation_time": 0.003,
      "eval_runtime": 43.0095,
      "eval_samples_per_second": 4.394,
      "eval_steps_per_second": 4.394,
      "step": 150
    }
  ],
  "logging_steps": 50,
  "max_steps": 1885,
  "num_input_tokens_seen": 0,
  "num_train_epochs": 5,
  "save_steps": 150,
  "stateful_callbacks": {
    "TrainerControl": {
      "args": {
        "should_epoch_stop": false,
        "should_evaluate": false,
        "should_log": false,
        "should_save": true,
        "should_training_stop": false
      },
      "attributes": {}
    }
  },
  "total_flos": 8170545172930560.0,
  "train_batch_size": 1,
  "trial_name": null,
  "trial_params": null
}
